ID,access_hash,first_name,last_name,username,phone
5303219522,628191104555458932,...,None,None,None
5265171279,8974231866481230786,Дмитрий,Мялкин,None,None
1900962808,3435010833672076479,😐👎,None,Astrzi,None
206406436,-1299351183789997384,Slava,Kudryavtsev,kudryavtsev_branding,None
1203620065,8210187765957998137,ಠ_ಠ😮‍💨Майки🌹ಠ_ಠ,None,ETOYAU,None
1007649300,71980026170496700,Алина,None,Clockwok,None
650247833,5571327788223935748,бабуин,None,bigchlen228,None
1546383337,-5535459696495968022,Максим,Фирсов,None,None
1519339036,-5010625495427564975,Александр,None,None,None
1617485173,4816451462747016714,Павел,Погребняк,Mastakpavel,None
1998272493,2588889198796356058,Edik,None,None,None
1220118691,5084406649856627749,Богдана,Реут,Bogdana666reut,None
343448841,3124145436975862267,Паровозик,Smoke,Small0058,None
479643901,3908811597661896713,Николай,Schriftmaster,Schriftmaster,None
960885503,3079013334324373408,x=1,Кто знает поймет,Puzop,None
721010935,-9026968050791747526,Данил,None,Pop1to,None
845797708,3211410271152515032,Павел,None,None,None
853746777,3837292365603339377,Кент,None,None,None
895817413,-3003022351366722102,Леша,Т,Lehatttt,79875133298
1004894072,2421041972916968778,Кристина,None,None,None
642494763,-6281606757675257492,Nikita,None,None,None
948754982,8174357517338005558,Андрей,None,None,None
540155499,2130274288449338985,xaze322,None,None,None
1140579742,-8904883805098284518,Родион,Раду,radugranecki,None
1049722193,1341596605127426040,Сергей,Прибылов БТ,None,None
1293252245,4231013026133625253,Cch,Gh,t_wez,None
5060245568,5479191849641091130,М,М,None,None
1448934730,7094806560869875654,Luxury Style опт заказы,None,Kola123kk,None
1138865843,3489415274029843155,лерк,None,wlllrw,None
5110914116,-132119956655171036,Кристина,Гуляева,None,None
5169252744,8822907844403870175,Кристина,Кристина,None,None
5118266475,436405826270292158,Николай,Сенин,SeninnKol,None
1092225450,-7458090589560799417,Василиса,None,millsmoon,None
1078892136,3868834438377287714,Лена,None,None,None
1842422736,5753462042113590330,Янгуразов Али,None,None,None
1190125529,-8265812351602426899,Александр Колесников,None,None,None
1912909514,-3629130238591958601,Алексей,None,Aleksei_Stolyarov,None
452118598,8229064952120181621,Николай,None,Volodin_Nikolay,None
818125963,545187963359540334,Александр,None,hindal96,None
490735997,-1384318818301757662,Sergey,Yurkovich,YurkovichSV,None
5238976993,-1307110466818788737,𝚍𝚊𝚟𝚛𝚘𝚗,None,None,None
5067443295,-2306104288688199912,Е,С,None,None
1865097162,-6393724372565225040,Dina,Mescherina,None,None
737381197,-8658254346786690937,Fly,green,lflygreenl,None
121350850,2107965597557132951,Малика,Дмитриева,Malika5155,None
1083204329,-5076740415927335916,♥𝚗𝚗𝚙𝚛𝚊𝚍𝚊♥,None,prada_kloyn,None
625303678,-2653396835691414537,Ваня,None,The10ka,None
1374224911,-1350077372856202254,Eugene,Why,AzBogiVedi,None
713138877,-7975804711052407471,Александр,None,Alex1177Penza,None
1171374545,1765348711262153788,Кристина,None,Xristina25,None
1189655300,-1385994848920365150,Зуля,Ишкаева,zu_ichkaeva,None
969131587,2834807026483106851,Black Moon,None,manicur_pnz,79374464544
939667821,-5249313713674882048,_,None,None,998335390599
964071822,2213806569308381979,Максим,None,Dungeon_kotorogo_net,None
1352719733,1299002996487372137,Русик,None,None,None
952027770,-6854521516760353407,kachan,nachak,himmert,None
975733031,-8367533697372596048,Расул,None,None,None
943488156,9041840740937158669,Леся,Егорова,None,None
951483630,-4161041277011347058,Борис,None,Hikmat19_01_1997,None
940692429,3560713610999956430,Ольга,None,None,None
1231241770,-1970189433713188893,соник,None,ss_psk,None
1361632527,1768240352580712921,FCSM,None,None,None
1144591780,579449172992017494,Игорь,Назаров,nazaroff,None
1181618052,1336151889555933377,Sargis,Adamyan,None,None
1203351079,-422350768695417891,Роман,Линяев,Goganik,79674407602
924891688,-333315798100272096,🤔💥☝️,None,Hemzeyeva,None
1043996781,-21791573647261301,Семён,None,Sa1m0n09,None
1231823255,-7962095467359423984,godbless,None,weakcreature,None
999153782,-2293591557855249758,One8chK4,UI+,Lighty_ll,None
1030190004,-8238745133768704754,XANARCHY,None,xanarchy69,None
1032982993,1791364814084045599,✨ Настасья👑,None,stupidstalker,None
982669299,-4590010917571488839,(,None,zxcfij,None
523375139,3373516882239177581,@iam10faces,None,tenfaces,None
486787301,-7375667598878648705,Ксения,Колоскова,lifemigraine,None
446622087,-3820313020100071165,Владимир,None,Vladimir_9792,None
547126160,-3507190453209832509,الآن لدي لقب باللغة العربية,None,xajzi85,None
565249720,6379715896451653827,Наталья,None,None,None
609796089,8071003540325531529,Влад,None,berseeeerk_58,None
297253189,5584047355667140945,Вадим,Дунькин,vadimushka_d,None
284050565,-5974937273409851104,Андрей,None,Rayman1337,None
1294441440,4920534884991995952,Дмитрий,None,AviaPNZ,None
1569049652,-2220982828866501198,Лёха,None,None,None
1770037043,5266387169248344521,Павел,None,None,None
1949312242,-4683327731593457371,Husan...,None,HusanTjk,None
2082934053,-2454753916758929157,Артём,None,None,None
617832653,-6745448489245753475,Roman,None,Rom4ik58,None
624517171,4512454247687207040,ᅠᅠᅠ,None,yspehneizbezhen,None
814013124,-2061982341683256881,laskam,None,laskammm,None
796672191,332809066006003787,Игорь,None,LosyFox,None
833268336,-7244625592655565893,🌈₴VɆ₮ⱠØ₦🌈,None,sooquaaaaaa,None
842268699,-107286645286395826,Darth Vader,None,vladmoledro,None
874750277,-5265858038982987743,soulmortal,None,nechiporenkq,None
794183481,169804487244961447,Kos,None,Kosmos2024,None
764899905,-2035486555377060381,Лисёнок 🌸,None,olesja22z,None
717294978,-4318269002456261410,F,R,areaforce,None
718951086,-7865131223519805229,Шома,None,Safari1201,None
725319662,303216143821590444,Ромчик,None,Romka201,None
749157613,3769547501030226665,Алексей,Градсков,Gradskovaleksei,None
921008307,6921036341857493389,Nikita,Fadnik,sozdatelbrawlstarsa,None
ID,access_hash,title,username,date
1312218863,8505068256876499072,Ближнее Арбеково,None,2019-06-24 10:32:20+00:00
1774386633,6349881638338651070,Пенза диалог 58🤗,None,2022-09-02 07:48:47+00:00
1341064116,-3246501743689510551,Где все?,None,2020-04-16 09:20:42+00:00
1754684613,-5027744122450698673,1991(Б ☝️ )😔😒😞😌😕🤔 Однокласники,None,2022-03-04 17:23:54+00:00
1725065034,2238671077287174138,Кто чем занят,None,2022-03-26 11:52:15+00:00
1727319355,3301216452030921831,Килька Агжигитова,None,2022-08-03 09:43:44+00:00
1733485840,-2091097386797486023,Ульяновская 13,13а,13б. Общение.,None,2022-08-30 05:10:03+00:00
1739821411,-6142202439970846173,Влог,None,2022-08-22 19:39:43+00:00
1324330815,-7430746335249440081,В гостях у павловича,None,2019-12-12 20:24:15+00:00
